ID,URL,Tier,Org,Initial Request Date,Request Type,Initial Response Type,Initial Response Date,Initial Responder,Initial Response,Initial Reply Date,Initial Reply,Followup Request Date,Second Response Type,Second Response Date,Second Responder,Second Response,Second Reply Date,Initial Reply,Third Response Type,Third Response Date,Third Responder,Third Response,Third Reply Date,Initial Reply,Relevance Category,Relevance,Usefulness,Effort,Final Coded Response,Initial Request Time,Final Response Time,Total Response Time,QA1,QA2,QA3
1,3,1,redacted,1/11/2019,Question,Undeliverable,1/11/2019 7:29am,,redacted,,,,,,,,,,,,,,,,Undeliverable,0,0,0,,1/11/2019 7:29,1/11/2019 7:29,0,Pass,Pass,Pass
2,4,2,redacted,1/10/2019,Concern,Appropriate,1/10/2019 2:41pm,Privacy,redacted,1/15/2019 6:38am,Thanks,,,,,,,,,,,,,,Appropriate,3,3,3,"In the event we determine a data breach has occurred, we would notify impacted individuals, business customers and state law enforcement officials per the 50+ state breach notification requirements. If EU citizens are impacted, we would also notify the relevant EU Data Protection regulators. With regard to the specific information about you in our [redacted] databases, it is first and last name, email address and phone number, found only in our sales lead database. That information came to us from [redacted], resulting from a [redacted] event in Seattle that we co-sponsored with them.   ",1/10/2019 9:00,1/10/2019 14:41,341,Pass,Pass,Pass
3,7,2,redacted,1/13/2019,Question,,,,,,,1/18/2019 8:36am,,,,,,,,,,,,,DNR,0,0,1,,,,,Pass,Pass,Pass
4,8,2,redacted,1/13/2019,Question,,,,,,,1/18/2019 8:28am,,,,,,,,,,,,,DNR,0,0,1,,,,,Pass,Pass,Pass
5,11,2,redacted,1/11/2019,Question,AckReceipt,1/14/2019 11:03am,Support,redacted,,,,,,,,,,,,,,,,AckReceipt,1,1,1,I am going to check with a member of our team who works closely with the Trust and Safety Team to find out a little more about this issue. We'll get back to you soon. Thank you for your patience while I investigate.,1/11/2019 5:52,1/14/2019 11:03,4631,Pass,Pass,Pass
6,14,2,redacted,1/10/2019,Concern,,,,,,,1/18/2019 7:16am,,,,,,,,,,,,,DNR,0,0,1,,,,,Pass,Pass,Pass
7,16,1,redacted,1/11/2019,Question,,,,,,,1/18/2019 7:47am,Appropriate,1/18/2019 9:49am,Unknown,redacted,1/22/2019 10:33am,Thanks,,,,,,,Appropriate,3,3,1,"On our website, we have privacy statements specific to different activities we engage with potential and current clients. For each of these activities, any cases where a data breach occurs, and said breach involves personal information that is likely to impact our client’s or potential client’s rights and freedoms, and/or is required by law, we will notify said individuals via email.",1/11/2019 7:36,1/18/2019 9:49,10213,Pass,Pass,Pass
8,17,1,redacted,1/11/2019,Question,Appropriate,1/12/2019 3:23am,Privacy,redacted,1/15/2019 7:18am,Thanks,,,,,,,,,,,,,,Appropriate,3,2,1,"As you may be aware, [redacted] is a data controller for the purposes of the EU General Data Protection Regulation (Regulation (EU) 2016/679) ('GDPR') and the UK Data Protection Act 2018 ('DPA'). Article 34 of the GDPR provides the circumstances under which data controllers are obliged to notify individuals, including in relation to the form, content and timeframe in relation to the same. In particular, according to Article 34(1) of the GDPR, when the personal data breach is likely to result in a high risk to the rights and freedoms of natural persons, the controller shall communicate the personal data breach to the data subject without undue delay. In addition, the European Data Protection Board ('EDPB'), an independent EU body, which contributes to the consistent application of data protection rules throughout the European Union, and promotes cooperation between the EU’s data protection authorities, has endorsed guidelines regarding breach notification, previously adopted by the Article 29 Working Party. Moreover, the UK's data protection authority, the Information Commissioner's Office ('ICO') has also released guidelines regarding the matter. [redacted] is committed to the protection of individuals’ personal data and regularly monitors its internal policies and procedures for compliance with the GDPR and the DPA, as well as the guidelines issued by the EDPB, the ICO and other relevant bodies.",1/11/2019 8:04,1/12/2019 3:23,1159,Pass,Pass,Pass
9,20,2,redacted,1/14/2019,Concern,Appropriate,1/14/2018 10:49am,Support,redacted,,,,,,,,,,,,,,,,Appropriate,3,2,2,"In the event of an all-encompassing Data Breach, [redacted] is in full compliance with federal reporting regulations and expectations. Should an all-encompassing Data Breach ever occur, all pertinent information regarding this matter will be made readily available through accessible communication channels.",1/14/2019 9:07,1/14/2019 10:49,102,Pass,Pass,Pass
10,20,1,redacted,1/10/2019,Concern,Undeliverable,1/10/2019 8:54am,,redacted,,,,,,,,,,,,,,,,Undeliverable,0,0,0,,1/10/2019 8:54,1/10/2019 8:54,0,Pass,Pass,Pass
11,21,1,redacted,1/10/2019,Concern,Undeliverable,1/10/2019 8:50am,,redacted,,,,,,,,,,,,,,,,Undeliverable,0,0,0,,1/10/2019 8:50,1/10/2019 8:50,0,Pass,Pass,Pass
12,23,1,redacted,1/14/2019,Question,Questions,1/14/2019 8:25am,Privacy,redacted,1/15/2019 8:28am,Thanks,,,,,,,,,,,,,,Appropriate,2,1,2,I have not had a data breach.  Please let me know your reason for asking.,1/14/2019 4:20,1/14/2019 8:25,245,Pass,Pass,Pass
13,27,2,redacted,1/11/2019,Question,,,,,,,1/18/2019 8:17am,Appropriate,1/18/2019 11:46am,Privacy,redacted,1/22/2019 10:35am,Thanks,,,,,,,Appropriate,2,2,2,"If there were to be a data breach, you will be notified of a data breach in accordance with applicable law, which would depend on the circumstances of the breach.",1/11/2019 8:06,1/18/2019 11:46,10300,Pass,Pass,Pass
14,29,2,redacted,1/10/2019,Concern,AckReceipt,1/10/2019 8:46am,Support,redacted,,,,Ticket,1/10/2019 12:59pm,Support,redacted,1/15/2019 6:35am,Thanks,,,,,,,Ticket,1,1,1,Please click below to read about our privacy policy: https://s3.amazonaws.com/[redacted]/privacy-policy.pdf,1/10/2019 8:46,1/10/2019 12:59,253,Pass,Pass,Pass
15,31,2,redacted,1/10/2019,Concern,Appropriate,1/15/2019 2:52am,Privacy,redacted,1/15/2019 6:26am,Thanks,,,,,,,,,,,,,,Appropriate,2,2,1,"We have a defined breach response process and if we identify your data
as a part of breach (should a breach occur) then we will notify you
via email.",1/10/2019 8:41,1/15/2019 2:52,6851,Pass,Pass,Pass
16,33,1,redacted,1/13/2019,Question,,,,,,,1/18/2019 8:45am,,,,,,,,,,,,,DNR,0,0,1,,,,,Pass,Pass,Pass
17,34,1,redacted,1/10/2019,Concern,,,,,,,1/18/2019 7:16am,,,,,,,,,,,,,DNR,0,0,1,,,,,Pass,Pass,Pass
18,35,1,redacted,1/10/2019,Concern,,,,,,,1/18/2019 7:15am,,,,,,,,,,,,,DNR,0,0,1,,,,,Pass,Pass,Pass
19,38,1,redacted,1/13/2019,Question,,,,,,,1/18/2019 8:46am,Appropriate,1/18/2019 2:06pm,Unknown,redacted,1/22/2019 10:49am,Thanks,,,,,,,Appropriate,3,2,1,"[redacted] has a detailed breach response policy that our customers can review under NDA. [redacted] follows the ISO-27001/27018 framework for Information Security, including an ISO-27001/27018 compliant Incident Response Policy. Affected customers are alerted within 24 hours of discovery through [redacted] Support, Customer Success, or Account Management Teams. [redacted] treats security incidents as critical support issues with most initial contacts occurring within 4 hours of discovery.",1/13/2019 10:31,1/18/2019 14:06,7415,Pass,Pass,Pass
20,42,1,redacted,1/10/2019,Concern,AckReceipt,1/10/2019 8:22am,Support,redacted,,,,Ticket,1/10/2019 9:30am,Support,redacted,1/22/2019 10:18am,Thanks,,,,,,,Ticket,2,1,2,Your request has been received and is being reviewed by our support staff.,1/10/2019 8:20,1/10/2019 9:30,70,Pass,Pass,Pass
21,44,1,redacted,1/10/2019,Concern,Appropriate,1/16/2019 9:33am,Management,redacted,,,,,,,,1/22/2019 10:15am,Thanks,,,,,,,Appropriate,2,2,1,"The GDPR mandates that, data controllers and data processors must report a data breach to the competent supervisory authority within 72 hours of its discovery. In addition, if a personal data breach “is likely to result in a high risk to the rights and freedoms of individuals,” the organization must notify those individuals “without undue delay"".
We comply with regulation.",1/10/2019 8:18,1/16/2019 9:33,8715,Pass,Pass,Pass
22,45,1,redacted,1/11/2019,Question,Undeliverable,1/11/2019 5:48am,,redacted,,,,,,,,,,,,,,,,Undeliverable,0,0,0,,1/11/2019 5:48,1/11/2019 5:48,0,Pass,Pass,Pass
23,47,1,redacted,1/14/2019,Question,,,,,,,1/18/2019 8:48am,Questions,1/18/2019 9:31am,Unknown,redacted,,,,,,,,,Questions,1,1,2,We would be happy to answer your questions about our privacy policy. How can we help?,1/14/2019 4:31,1/18/2019 9:31,6060,Pass,Pass,Pass
24,49,1,redacted,1/10/2019,Question,,,,,,,1/18/2019 7:13am,,,,,,,,,,,,,DNR,0,0,1,,,,,Pass,Pass,Pass
25,51,1,redacted,1/13/2019,Question,,,,,,,1/18/2019 8:35am,,,,,,,,,,,,,DNR,0,0,1,,,,,Pass,Pass,Pass
26,52,2,redacted,1/13/2019,Question,Appropriate,1/15/2019 7:19am,Unknown,redacted,,,,,,,,,,,,,,,,Appropriate,3,1,2,"[redacted] complies with applicable data breach notification laws and in the event of a data breach that affects you, notice will be provided according to the requirements of the law in the state where you live.",1/13/2019 8:42,1/15/2019 7:19,2797,Pass,Pass,Pass
27,53,1,redacted,1/10/2019,Question,AckReceipt,1/10/2019 8:00am,Support,redacted,,,,Appropriate,1/14/2019 1:05pm,Support,redacted,1/22/2019 10:13am,Thanks,,,,,,,Appropriate,3,3,1,[redacted] notifies customers of security breaches of their data as soon as reasonably feasible by email. We also communicate incidents via our status page. You can subscribe to be notified of updates at https://status-page.[redacted]/. ,1/10/2019 7:57,1/14/2019 13:05,6068,Pass,Pass,Pass
28,54,1,redacted,1/11/2019,Question,AckReceipt,1/11/2019 5:43am,Support,redacted,,,,Ticket,1/11/2019 3:37pm,Unknown,redacted,1/15/2019 7:13am,Thanks,,,,,,,Ticket,3,3,1,"The [redacted] platform is designed to never maintain any PII and retain no unencrypted content. Therefore, any security incident will not compromise our users’ personal data and communications. Outside of the platform, if we maintain your PII and a breach occurs wherein your PII is compromised (for example, the email address you are using to contact the support portal), we will attempt to notify you as soon as possible following the discovery of an incident, using the PII we maintain, to ensure you are aware of such incident.",1/11/2019 5:42,1/11/2019 15:37,595,Pass,Pass,Pass
29,56,1,redacted,1/10/2019,Question,Appropriate,1/10/2019 8:36am,Unknown,redacted,1/15/2019 6:15am,Thanks,,,,,,,,,,,,,,Appropriate,2,1,1,"We will notify people individually where possible, and on our web site. We delete email privacy inquiries from consumers after responding.",1/10/2019 7:27,1/10/2019 8:36,69,Pass,Pass,Pass
30,58,2,redacted,1/10/2019,Question,Undeliverable,1/10/2019 7:24am,,redacted,,,,,,,,,,,,,,,,Undeliverable,0,0,0,,1/10/2019 7:24,1/10/2019 7:24,0,Pass,Pass,Pass
31,59,1,redacted,1/11/2019,Question,,,,,,,1/18/2019 8:19am,,,,,,,,,,,,,DNR,0,0,1,,,,,Pass,Pass,Pass
32,60,1,redacted,1/11/2019,Question,,,,,,,1/18/2019 8:21am,Appropriate,1/18/2019 10:20am,Legal,redacted,1/22/2019 10:37am,Thanks,,,,,,,Appropriate,3,3,2,"For information covered by the GDPR, we would follow the GDPR’s notification provision, which has a 72 hour time frame. For other PII breaches, we would also aim for a prompt disclosure, endeavoring to match that standard. Notifications would go to the effected people using the contact information we have. ",1/11/2019 8:17,1/18/2019 10:20,10203,Pass,Pass,Pass
33,65,2,redacted,1/11/2019,Question,,,,,,,1/18/2019 7:44am,Appropriate,1/18/2019 8:42am,Security,redacted,1/22/2019 10:31am,Thanks,,,,,,,Appropriate,3,2,1,[redacted] notifies customers per our Security Incident Management Procedure in the event of any pertinent incident.  Scope of communications is limited to appropriate customer contacts.,1/11/2019 5:37,1/18/2019 8:42,10265,Pass,Pass,Pass
34,67,2,redacted,1/13/2019,Question,,,,,,,1/18/2019 8:32am,Appropriate,1/18/2019 9:31am,Unknown,redacted,1/22/2019 10:45am,Thanks,,,,,,,Appropriate,3,2,2,Federal and state laws govern how and when to communicate to consumers in the event of a data breach. [redacted] will comply with all applicable laws in the case of a data breach.,1/13/2019 8:46,1/18/2019 9:31,7245,Pass,Pass,Pass
35,68,2,redacted,1/13/2019,Question,,,,,,,1/18/2019 8:34am,Appropriate,1/18/2019 10:45am,Security,redacted,1/22/2019 10:46am,Thanks,,,,,,,Appropriate,3,2,2,"If we learn of a security system’s breach, we may attempt to notify you electronically by posting a notice on the Site or sending an e-mail to you. You may have a legal right to receive this notice in writing.' All decisions on such notifications are based on applicable privacy laws.",1/13/2019 8:48,1/18/2019 10:45,7317,Pass,Pass,Pass
36,69,2,redacted,1/11/2019,Concern,AckReceipt,1/11/2019 4:57am,Support,redacted,,,,Ticket,1/11/2019 6:04am,Support,redacted,1/15/2019 11:28am,Thanks,Questions,1/15/2019  10:23am,Support,redacted,,,Ticket,1,1,3,"Could you please let me know exactly your concerns are with our privacy policy? I would be glad to get this connected with the correct team to help with any questions you may have. I am also having a hard time finding your account in our systems, are you currently a user on the site and if so what is the name of the store you are working for so I may find your account. ",1/11/2019 4:57,1/15/2019 10:23,6086,Pass,Pass,Pass
37,70,2,redacted,1/11/2019,Concern,Undeliverable,1/11/2019 4:54am,,redacted,,,,,,,,,,,,,,,,Undeliverable,0,0,0,,1/11/2019 4:54,1/11/2019 4:54,0,Pass,Pass,Pass
38,71,2,redacted,1/11/2019,Concern,,,,,,,,,,,,,,,,,,,,DNR,0,0,1,,,,,Fail,Pass,Pass
39,72,2,redacted,1/11/2019,Concern,,,,,,,1/18/2019 7:42am,Appropriate,1/18/2019 9:47am,Privacy,redacted,1/22/2019 10:28am,Thanks,,,,,,,Appropriate,3,3,1,"Using the following information you provided, [redacted] did not locate any information within our environment.  In thet event that you were in our database and a breach occurred where your contact details were included in the data breach, [redacted] would comply with all applicable laws related to data breach notifications.",1/11/2019 4:48,1/18/2019 9:47,10379,Pass,Pass,Pass
40,73,2,redacted,1/10/2019,Question,,,,,,,1/18/2019 7:12am,AckReceipt,1/18/2019 8:03am,Unknown,redacted,,,,,,,,,AckReceipt,1,1,2,"I'm connecting you with my colleague [redacted], who can respond to your query. He is abroad on [redacted] business but will reply as soon as he's able to do so.",1/10/2019 7:16,1/18/2019 8:03,11567,Pass,Pass,Pass
41,75,2,redacted,1/11/2019,Concern,,,,,,,1/18/2019 7:29am,Questions,1/21/2019 8:26am,Unknown,redacted,1/22/2019 10:26am,Thanks,,,,,,,Questions,2,1,2,Please let us know what your specific concern in regards to a data breach? ,1/11/2019 4:46,1/21/2019 8:26,14620,Pass,Pass,Pass
42,77,2,redacted,1/11/2019,Concern,AckReceipt,1/11/2019 4:44am,Support,redacted,,,,Ticket,1/11/2019 6:50am,Support,redacted,,,Ticket,1/14/2019 7:46am,Support,redacted,1/15/2019 7:08am,Thanks,Ticket,3,1,2,We appreciate your concern.  Here is a link to California law regarding notification for any data breach. https://oag.ca.gov/privacy/databreach/reporting,1/11/2019 4:43,1/11/2019 6:50,127,Pass,Pass,Pass
43,81,2,redacted,1/11/2019,Concern,Appropriate,1/11/2019 4:04pm,Unknown,redacted,1/15/2019 7:43am,Thanks,,,,,,,,,,,,,,Appropriate,2,1,2," In the event your data is subject to a data breach, [redacted] will notify you in accordance with the timelines set out under HIPAA.   Here is a link to more information on the HHS website on timing for breach notification under HIPAA: https://www.hhs.gov/hipaa/for-professionals/breach-notification/index.html",1/11/2019 4:38,1/11/2019 16:04,686,Pass,Pass,Pass
44,84,2,redacted,1/10/2019,Question,Undeliverable,1/10/2019 7:12am,,redacted,,,,,,,,,,,,,,,,Undeliverable,0,0,0,,1/10/2019 7:12,1/10/2019 7:12,0,Pass,Pass,Pass
45,85,2,redacted,1/11/2019,Concern,Undeliverable,1/11/2019 4:30am,,redacted,,,,,,,,,,,,,,,,Undeliverable,0,0,0,,1/11/2019 4:30,1/11/2019 4:30,0,Pass,Pass,Pass
46,86,2,redacted,1/11/2019,Concern,Appropriate,1/11/2019 4:27am,Unknown,redacted,1/15/2019 7:01am,Thanks,,,,,,,,,,,,,,Appropriate,2,1,3,"We received your request ""Privacy Concern,"" but we're unable to verify this email address. Please contact us from the email address associated with your [redacted] account.",1/11/2019 4:27,1/11/2019 4:27,0,Pass,Pass,Pass
47,87,2,redacted,1/11/2019,Concern,Appropriate,1/11/2019 4:25am,Privacy,redacted,,,,,,,,,,,,,,,,Appropriate,3,3,1,We strive to revert to your email within 3-5 working days.,1/11/2019 4:25,1/11/2019 4:25,0,Pass,Pass,Pass
48,90,2,redacted,1/10/2019,Question,,,,,,,1/18/2019 7:22am,FAQs,1/18/2019 11:35am,Unknown,redacted,1/22/2019 10:23am,Thanks,,,,,,,FAQs,1,2,2,"If you are a user of an app that contains the [redacted] and want to limit our collection of information from your device, please see https://[redacted]. Additionally, to see and manage any data collected by [redacted] from your device, you may download the [redacted] Privacy Management Application from the Apple or Google Play Stores.",1/10/2019 11:18,1/18/2019 11:35,11537,Pass,Pass,Pass
49,91,2,redacted,1/10/2019,Question,,,,,,,,,,,,,,,,,,,,DNR,0,0,1,,,,,Pass,Pass,Pass
50,93,2,redacted,1/14/2019,Question,,,,,,,1/18/2019 8:50am,Appropriate,1/19/2019 5:17pm,Legal,redacted,1/22/2019 10:52am,Thanks,,,,,,,Appropriate,3,3,1,"We have been advised by experts in the field, but the details of our procedures are confidential.  In the event of any potential security incident, we would take responsible actions and would timely notify any and all affected individuals and governmental authorities, as appropriate. ",1/14/2019 4:41,1/19/2019 17:17,7956,Pass,Pass,Pass
51,94,2,redacted,1/13/2019,Question,AckReceipt,1/13/2019 9:13am,Support,redacted,,,,AckReceipt,1/14/2019 4:01am ,Support,redacted,,,Appropriate,1/14/2019 3:05pm,Unknown,redacted,1/15/2019 8:25am,Thanks,Appropriate,3,2,2,"In the event of a data breach, we will comply with the notification guidelines required by federal law as well as the laws of each state in which we do business.",1/13/2019 9:12,1/14/2019 15:05,1793,Pass,Pass,Pass
52,96,2,redacted,1/10/2019,Question,AckReceipt,1/10/2019 11:14am,Support,redacted,,,,,,,,,,,,,,,,AckReceipt,1,1,2,"Your request has been received and is being reviewed by our team. To review the status of your request or to add additional comments, please follow the link below:
http://[redacted]",1/10/2019 11:14,1/10/2019 11:14,0,Pass,Pass,Pass
53,97,2,redacted,1/10/2019,Question,,,,,,,1/18/2019 7:19am,,,,,,,,,,,,,DNR,0,0,1,,,,,Pass,Pass,Pass
54,100,2,redacted,1/10/2019,Question,AckReceipt,1/10/2019 11:00am,Support,redacted,,,,,,,,,,,,,,,,AckReceipt,1,1,2,Your request has been received and someone from our team will get back to you as soon as we can.,1/10/2019 11:00,1/10/2019 11:00,0,Pass,Pass,Pass
55,101,1,redacted,1/10/2019,Question,Questions,1/10/2019 12:09pm,Unknown,redacted,1/15/2019 6:01am,Answers,,Questions,1/15/2019 10:25,Unknown,redacted,,,,,,,,,Questions,2,2,2,Can we discuss at your convenience?,1/10/2019 7:08,1/15/2019 10:25,7397,Pass,Pass,Pass
56,102,2,redacted,1/10/2019,Question,,,,,,,1/18/2019 7:19am,Appropriate,1/28/2019 12:51,Management,redacted,,,,,,,,,Appropriate,2,1,2,"You specifically asked how and when you would be notified if there was a data breach of our system.  In the event of a data breach, [redacted] will follow all applicable data breach notification laws.  In the unfortunate event a data breach occurs for which you are legally required to be notified we will make such notification in a manner consistent with the law and in accordance to any legally mandated time frames.  However as you are asking about a future yet unknown event, which could take many different forms and encompass multiple types of issues, we are not able to describe to you an exact method or timing for a future notification at this time.  This allows us to remain flexible to best meet any future event.   ",1/10/2019 10:56,1/28/2019 12:51,26035,Pass,Pass,Pass
57,103,2,redacted,1/10/2019,Question,Appropriate,1/10/2019 5:42pm,Unknown,redacted,1/15/2019 6:46am,Thanks,,,,,,,,,,,,,,Appropriate,3,3,1,You'll be notified in writing via email as soon as we've learned about the scope and impact of any potential breach. ,1/10/2019 10:53,1/10/2019 17:42,409,Pass,Pass,Pass
58,104,2,redacted,1/10/2019,Question,,,,,,,1/18/2019 7:11am,Appropriate,1/18/2019 6:02pm,Management,redacted,1/22/2019 10:07am,Thanks,,,,,,,Appropriate,2,1,1,"To answer your question: as a customer, you will be notified promptly in the case of a data breach that impacts your privacy, as per our incident response policy. You can see our public policies here: https://[redacted].",1/10/2019 7:06,1/18/2019 18:02,12176,Pass,Pass,Pass
59,105,1,redacted,,,,,,,,,,,,,,,,,,,,,,DNR,0,0,1,,,,,Fail,Pass,Pass
60,106,2,redacted,1/10/2019,Question,Appropriate,1/10/2019 3:00pm,Legal,redacted,1/15/2019 6:43am,Thanks,,,,,,,,,,,,,,Appropriate,3,1,2,"In the event of a data breach, impacted individuals will be notified as required by applicable law. ",1/10/2019 10:49,1/10/2019 15:00,251,Pass,Pass,Pass
61,107,2,redacted,1/10/2019,Question,AckReceipt,1/10/2019 10:47am,Support,redacted,,,,,,,,,,,,,,,,AckReceipt,1,1,2,We have received your helpdesk request described below and it is currently being reviewed by our support staff.,1/10/2019 10:47,1/10/2019 10:47,0,Pass,Pass,Pass
62,109,2,redacted, 01/10/19 6:57 am,Question,AckReceipt,1/10/2019 6:57am,Privacy,redacted,1/15/2019 5:25am,Thanks,,AckReceipt,1/15/2019 5:25am,Privacy,redacted,,,,,,,,,AckReceipt,1,1,2,"Thank you for writing the [redacted] Data Protection Office. This email address is for queries about exercising your legal rights with respect to your personal data. We will not respond to other types of queries.
For information about your rights to access and control your personal data, please see our Privacy Policy at [redacted].
Our Help Center is a great source of information about the account settings and tools we give you to access and control your personal data:
[redacted]",1/15/2019 5:25,1/15/2019 5:25,0,Pass,Pass,Pass
63,111,2,redacted,1/10/2019,Question,Questions,1/10/2019 8:00am,Privacy,redacted,1/15/2019 6:06am,Answers,,Appropriate,2/8/2019 5:46,Privacy,redacted,,,,,,,,,Appropriate,2,2,2,"If [redacted] experienced a security breach with respect to your personal information, [redacted] would provide notice in accordance with applicable law.

",1/10/2019 5:07,2/8/2019 5:46,41799,Pass,Pass,Pass
64,150,2,redacted,1/13/2019,Question,FAQs,1/13/2019 8:07am,Privacy,redacted,1/15/2019 7:23am,Thanks,,AckReceipt,1/18/2019 8:43am,Privacy,redacted,,,Appropriate,1/25/2019 2:55pm,Privacy,redacted,,,Appropriate,3,2,2,"How a data breach is communicated and to whom depends entirely on the nature of the breach and the jurisdiction in which it occurs. There are multiple jurisdictions, with varying laws, where we do business that will dictate how we must respond if a breach were to occur.  Unfortunately, without more specific information about the details of a particular breach, It is unclear which laws, if any, would apply if your particular information were involved.  Typically, the attorney general resources for the state where you reside will provide information about how data breaches are defined and handled in your particular state. [redacted] is committed to abiding by all applicable laws, and will adhere to the particular laws in your state should a data breach occur that would trigger such laws.",1/13/2019 8:07,1/25/2019 14:55,17688,Pass,Pass,Pass
65,151,2,redacted,1/13/2019,Question,Questions,1/13/2019 5:11pm,Unknown,redacted,1/15/2019 7:26am,Answers,,,,,,,,,,,,,,Questions,1,1,2,Are you a current [redacted] customer?  Or are you using [redacted]?,1/13/2019 8:09,1/13/2019 17:11,542,Pass,Pass,Pass
66,154,2,redacted,1/13/2019,Question,Appropriate,1/14/2019 6:49am,Legal,redacted,1/15/2019 7:28am,Thanks,,,,,,,,,,,,,,Appropriate,3,3,1,"The way an organization would approach handling a security breach depends on many different factors and is generally approached on a case-by-case basis. That said, we will always follow applicable laws when determining when and who to contact in the event of a breach, as well as following internal protocol. In addition to what is outlined in Section 39 of our Terms of Use, our Data Processing Addendum (DPA) states the following in Section [redacted]: ""Security Incident Response. Upon becoming aware of a Security Incident, [redacted] shall notify Customer without undue delay and shall provide timely information relating to the Security Incident as it becomes known or as is reasonably requested by Customer.""",1/13/2019 8:22,1/14/2019 6:49,1347,Pass,Pass,Pass
67,155,2,redacted,1/13/2019,Question,,,,,,,1/18/2019 8:24am,Appropriate,1/18/2019 11:06am,Legal,redacted,1/22/2019 10:38am,Thanks,,,,,,,Appropriate,3,2,2,"We assume that your question relates to [redacted] online SaaS platform, which our customers use to [redacted]. In these cases, the customer is the ""controller"" of the website property and generally responsible for providing breach notifications to their users. You should contact the relevant website operator in order to determine their procedure for reaching out to you. [redacted] of course follows any applicable breach notification laws following unauthorized disclosure of personal data. Please keep in mind, however, that by default our SaaS platform only captures a limited amount of information about visitors to our customers' websites, such as cookie IDs (for our web product), IP addresses and related event data. Such information may not meet the statutory definitions of ""personal information"" under applicable laws and may not permit us to identify individual visitors. As for our SaaS platform users, we will notify these users in accordance with contractual requirements and applicable laws (if any).
For more information about California's data breach laws, please feel free to consult: https://oag.ca.gov/privacy/databreach/reporting.",1/13/2019 8:25,1/18/2019 11:06,7361,Pass,Pass,Pass
68,156,2,redacted,1/13/2019,Question,,,,,,,1/18/2019 8:26am,,,,,,,,,,,,,DNR,0,0,1,,,,,Pass,Pass,Pass
69,158,2,redacted,1/13/2019,Question,Questions,1/13/2019 9:38pm,Support,redacted,1/15/2019 7:30am,Answers,,Appropriate,2/11/2019 1:31,Unknown,redacted,2/19/2019 11:14,Thanks,,,,,,,Appropriate,2,2,1,"Breach notification requirements under the GDPR depend on whether the notifying entity is a data controller or a data processor. The “data controller” is the organization that determines the purposes and means of the data processing activity (i.e., the ""why"" and the ""how""). The “data processor” is an organization acting on behalf and under the instructions of a controller in processing personal data. [redacted] will comply with its obligations under applicable law to notify either the appropriate data controller or the competent supervisory authority (and affected individuals), as applicable. ",1/13/2019 8:36,2/11/2019 1:31,41335,Pass,Pass,Pass
70,159,2,redacted,1/13/2019,Question,AckReceipt,1/13/2019 8:39am,Legal,redacted,,,,Appropriate,1/13/2019 12:01pm,Legal,redacted,1/15/2019 8:22am,Thanks,,,,,,,Appropriate,1,1,2," Just reply with your [redacted] subdomain or [redacted] account number(s). Upon receipt and verification, we will provide you with the information requested.",1/13/2019 8:39,1/13/2019 12:01,202,Pass,Pass,Pass
71,176,2,redacted,1/14/2019,Question,AckReceipt,1/14/2019 4:54am,Privacy,redacted,,,,Appropriate,1/14/2019 3:21pm,Privacy,redacted,1/22/2019 10:54am,Thanks,,,,,,,Appropriate,3,2,2,"Although we do work hard to ensure all your information is secure, if a data breach did occur we would comply with the state breach notification requirements applicable to the state in which you reside. This is due to every state having its own breach notification requirements.",1/14/2019 4:53,1/14/2019 15:21,628,Pass,Pass,Pass
72,177,2,redacted,1/14/2019,Concern,Questions,1/15/2019 6:38am,Privacy,redacted,,,1/18/2019 9:48am,Questions,2/7/2019,Privacy,redacted,,,,,,,,,Questions,3,3,2,"In order to best address your query, we require that you first confirm the capacity/capacities in which you are affiliated with [redacted] by stating which [redacted] products/services you use or by otherwise describing your relationship to [redacted]. As soon as we receive that information, we will be in a position to respond to your request within the required regulatory timeframe.",1/14/2019 6:53,2/7/2019 3:54,34381,Pass,Pass,Pass
73,178,2,redacted,1/14/2019,Concern,AckReceipt,1/14/2019  6:53am,Support,redacted,,,,AckReceipt,1/14/2019 7:28,Support,redacted,,,,,,,,,AckReceipt,1,1,2,"As the technology provider for your [redacted], we aren’t able to assist with these types of issues directly, but let me make sure that your request is directed to the right person so they can assist further. Please let me know your [redacted] name, and the name and/or email address of your [redacted] if you have one. As soon as you can send me that information, I will personally reach out to your [redacted] to ensure they can get in contact with you as soon as possible.",1/14/2019 6:53,1/14/2019 7:28,35,Pass,Pass,Pass
74,179,2,redacted,1/14/2019,Concern,,,,,,,1/18/2019 9:40am,Questions,1/18/2019 10:20am,Privacy,redacted,1/22/2019 11:25am,resent,,,,,,,Questions,1,1,,"We did not receive an email from you on the 14th. Can you please forward to me the email that you sent on the 14th?



",1/14/2019 6:51,1/18/2019 10:20,5969,Pass,Pass,Pass
75,180,2,redacted,1/14/2019,Concern,Undeliverable,1/14/2019 6:50am,,redacted,,,,,,,,,,,,,,,,Undeliverable,0,0,0,,1/14/2019 6:50,1/14/2019 6:50,0,Pass,Pass,Pass
76,183,2,redacted,1/14/2019,Concern,,,,,,,1/18/2019 9:40am,Questions,1/18/2019 11:33am,Management,redacted,,,Appropriate,1/22/2019 12:08pm,Management,redacted,1/22/2019 12:20pm,Thanks,Appropriate,2,1,1,"In the event of a data breach [redacted], as the data processor, will notify the [redacted] and follow the instructions the [redacted] provides to us. ",1/14/2019 6:49,1/18/2019 11:33,6044,Pass,Pass,Pass
77,184,2,redacted,1/14/2019,Concern,AckReceipt,1/14/2019 6:47am,Unknown,redacted,,,,,,,,,,,,,,,,AckReceipt,1,1,1,"Thank you for your inquiry. We will respond within 2 business days, if not sooner.",1/14/2019 6:47,1/14/2019 6:47,0,Pass,Pass,Pass
78,185,2,redacted,1/14/2019,Concern,,,,,,,1/18/2019 9:38am,Appropriate,2/6/2019 15:49,Privacy,redacted,,,,,,,,,Appropriate,2,2,1,"Thank you for reaching out to us. Are you a user with one of the services that we power? If so, I would encourage you to reach out to them. You can reach them by clicking on Member Support in the app or the contact information listed in the privacy policy in the app. Our notification procedures are bound by the applicable regulatory requirements and our contractual obligations.",1/14/2019 6:46,2/6/2019 15:49,33663,Pass,Pass,Pass
79,186,2,redacted,1/14/2019,Concern,,,,,,,1/18/2019 9:38am,Appropriate,1/22/2019 10:32am,Privacy,redacted,1/22/2019 12:30pm,Thanks,,,,,,,Appropriate,1,1,2,"At this time, we do not have your personal information in any [redacted] system since you are neither a [redacted] customer nor a [redacted] prospect. Thus, in the event a security incident were to occur, your information will not be compromised.",1/14/2019 6:46,1/22/2019 10:32,11746,Pass,Pass,Pass
80,187,2,redacted,1/14/2019,Concern,Appropriate,1/14/2019 5:36pm,Legal,redacted,,,,,,,,,,,,,,,,Appropriate,2,1,1,We have a process to provide notice if there were a privacy breach. ,1/14/2019 6:45,1/14/2019 17:36,651,Pass,Pass,Pass
81,188,2,redacted,1/14/2019,Concern,Appropriate,1/14/2019 5:14pm,Unknown,redacted,,,,,,,,,,,,,,,,Appropriate,3,2,2,If a data breach did occur we would comply with the state breach notification requirements applicable to the state in which you reside. This is due to every state having its own breach notification requirements.,1/14/2019 6:44,1/14/2019 17:14,630,Pass,Pass,Pass
82,189,2,redacted,1/14/2019,Concern,Appropriate,1/15/2019 4:35pm,Privacy,redacted,,,,,,,,,,,,,,,,Appropriate,1,1,3,"We have searched our systems and determined that we do not possess, nor have we previously processed, any personal data related to you. Consequently, we have no data breach reporting obligations to you.  If you believe our assessment is incorrect then please provide any relevant information that would support your assertion.  To the extent you contacted [redacted] in relation to your company PrivacyPortfolio, we do not have any interest at this time and ask that you do not send any further solicitations. ",1/14/2019 6:43,1/15/2019 16:35,2032,Pass,Pass,Pass
83,191,2,redacted,1/14/2019,Concern,Appropriate,1/14/2019 2:50pm,Support,redacted,,,,,1/14/2019 3:50pm,Support,redacted,,,,,,,,,Appropriate,3,2,1,We would notify you right away of any issue concerning security points if it had happened.,1/14/2019 6:43,1/14/2019 14:50,487,Pass,Pass,Pass
84,192,2,redacted,1/14/2019,Concern,Appropriate,1/14/2019 11:28am,Legal,redacted,,,,,,,,,,,,,,,,Appropriate,3,2,2,"Thanks for reaching out to us. You can check our Binding Corporate Rules for our practices on breach notification — in short, in the event of a security incident, we notify affected customers according to applicable data protection laws, which includes GDPR's breach notification requirements and US state data breach notification laws. You can read more about [redacted] security practices at our [redacted] Security page.",1/14/2019 6:42,1/14/2019 11:28,286,Pass,Pass,Pass
85,194,2,redacted,1/14/2019,Concern,AckReceipt,1/14/2019 6:41am,Support,redacted,,,,Questions,1/14/2019 2:55pm,Support,redacted,,,,,,,,,Questions,1,2,2,"We want to help, but we're unable to find a [redacted] account under your email address. Do you have any other email addresses you might have used for your profile? ",1/14/2019 6:41,1/14/2019 14:55,494,Pass,Pass,Pass
86,195,2,redacted,1/14/2019,Concern,Inappropriate,1/14/2019 6:40am,Support,redacted,,,,,,,,,,,,,,,,Inappropriate,1,2,2,"Welcome to [redacted]. Please follow the link below to choose a password, and we will log you in right away.",1/14/2019 6:40,1/14/2019 6:40,0,Pass,Pass,Pass
87,198,2,redacted,1/14/2019,Concern,,,,,,,1/18/2019 9:50am,Questions,1/25/2019 2:31pm,Management,redacted,,,,,,,,,Questions,1,1,1,"With the information you have provided, we were unable to determine what type of assistance you need. If you would please explain your request once more, and a description of the problem, we would be happy to further review your situation and provide any possible assistance.",1/14/2019 8:56,1/25/2019 14:31,16175,Pass,Pass,Pass
88,199,2,redacted,1/14/2019,Concern,AckReceipt,1/14/2019 9:06am,Support,redacted,,,,FAQs,1/23/2019 8:54am,Support,redacted,,,,,,,,,FAQs,1,1,2,"You can find information regarding [redacted] security breach notifications process within our Privacy white paper. If you would like to know more about our Security measures, please refer to our Security white paper.",1/14/2019 9:02,1/23/2019 8:54,12952,Pass,Pass,Pass
89,200,2,redacted,1/14/2019,Concern,,,,,,,,,,,,,,,,,,,,DNR,0,0,1,,1/14/2019 9:12,,,Pass,Pass,Pass
90,203,2,redacted,1/14/2019,Concern,AckReceipt,1/14/2019 9:23am,Support,redacted,,,,,,,,,,,,,,,,AckReceipt,1,1,1,"A support engineer will contact you as follows:
Standard customers: Monday to Friday 9am to 6pm(local time zone) except holidays.
Premium Gold customers: 24/5. Premium Platinum customers: 24/7.",1/14/2019 9:23,1/14/2019 9:23,0,Pass,Pass,Pass
91,204,2,redacted,1/14/2019,Concern,AckReceipt,1/14/2019 10:28am,Unknown,redacted,,,,,,,,,,,,,,,,AckReceipt,1,1,1,Thank you for contacting [redacted]  We will respond to your inquiry as soon as possible.,1/14/2019 10:28,1/14/2019 10:28,0,Pass,Pass,Pass
92,205,2,redacted,1/14/2019,Concern,AckReceipt,1/14/2019 10:33am,Unknown,redacted,,,,FAQs,1/17/2019 7:56am,Support,redacted,,,,,,,,,FAQs,1,1,1,"[redacted] has been awarded TRUSTe’s Privacy Seal, meaning TRUSTe's reviewed our privacy policy and practices for compliance with TRUSTe’s program requirements, including transparency, accountability, and choice regarding the collection and use of your personal information. Every page of our website is secure and encrypted with Secure Sockets Layer (SSL) to protect your personal and financial information over the internet. You'll see the HTTPS address with a lock in your internet browser’s address bar.
[redacted] was organized under the laws of the State of Utah and operates under federal banking law.",1/14/2019 10:33,1/17/2019 7:56,4163,Pass,Pass,Pass
93,206,2,redacted,1/14/2019,Concern,,,,,,,1/18/2019 10:54am,Questions,1/18/2019 11:12am,Legal,redacted,1/22/2019 12:09pm,Answers,,,,,,,Questions,3,2,2,"I can respect that you're trying to drive business with your privacy rights consulting business and that's the angle you want to play, but please state a specific question for our consideration.  ",1/14/2019 10:39,1/18/2019 11:12,5793,Pass,Pass,Pass
94,207,2,redacted,1/14/2019,Concern,,,,,,,1/18/2019 11:01am,Questions,1/18/2019 11:35am,Unknown,redacted,,,,,,,,,Questions,3,2,2,What is your inquiry?  Are you a customer?  ,1/14/2019 10:46,1/18/2019 11:35,5809,Pass,Pass,Pass
95,209,2,redacted,1/14/2019,Concern,,,,,,,1/18/2019 11:02am,,,,,,,,,,,,,DNR,0,0,1,,,,,Pass,Pass,Pass
96,211,1,redacted,1/14/2019,Concern,,,,,,,1/18/2019 11:04am,Appropriate,1/18/2019 12:02am,Privacy,redacted,1/22/2019 10:59am,Thanks,,,,,,,Appropriate,3,2,2,We are searching our systems and at this point we have not found your information in our systems that have been searched. If you believe that this is in error please let us know. Also any additional information such as your relationship to [redacted] would be helpful. Regarding your question about how and when you would be notified in a data breach because we do not have your information you would not be notified. However if we have your information you would be notified per applicable law.,1/14/2019 15:56,1/18/2019 0:02,4806,Pass,Pass,Pass
97,212,2,redacted,1/14/2019,Concern,AckReceipt,1/14/2019 3:03pm,Support,redacted,,,,FAQs,1/14/2019 3:57pm,Support,redacted,,,,,,,,,AckReceipt,2,1,2,"The security of your personal billing information is important to us. We work with [redacted] to process transactions. [redacted] uses one of the most advanced encryption methods available to protect sensitive information. Payment information is also never stored on our servers. If you're interested, check out this article about [redacted] security infrastructure.",1/14/2019 15:03,1/14/2019 15:57,54,Pass,Pass,Pass
98,213,2,redacted,1/14/2019,Concern,,,,,,,1/18/2019 11:05am,Undeliverable,1/18/2019 11:05am,,redacted,,,,,,,,,Undeliverable,0,0,0,,1/14/2019 15:07,1/18/2019 11:05,5518,Pass,Pass,Pass
99,214,2,redacted,1/14/2019,Concern,,,,,,,1/18/2019 11:08am,Appropriate,1/18/2019 11:28am,Legal,redacted,1/22/2019 11:01am,Thanks,,,,,,,Appropriate,3,2,2,"We are a US company and must follow the various state data security breach reporting laws. Our obligations differ depending on the state where an affected user resides. As an example, California law requires all businesses to notify any California resident whose unencrypted information was acquired, or reasonably believed to have been acquired, by an unauthorized person. ",1/14/2019 15:12,1/18/2019 11:28,5536,Pass,Pass,Pass
100,215,2,redacted,1/14/2019,Concern,,,,,,,1/18/2019 11:09am,AckReceipt,1/18/2019 1:59pm,Management,redacted,,,Appropriate,1/28/2019 13:36,Support,redacted,,,Appropriate,2,2,2,"[redacted] takes data security and privacy seriously and takes great effort to protect customer information. Our notification procedures comply with applicable federal and state law and regulation. In a case where notification is appropriate, [redacted] may provide notification by email, postal mail, phone calls, or other methods of communication that may be appropriate.",1/14/2019 15:17,1/28/2019 13:36,20059,Pass,Pass,Pass
